ID,mean.ninja
1,3.142857143
2,2.428571429
3,3.285714286
4,3.428571429
5,2.142857143
6,2.857142857
7,3
8,3.142857143
9,2.142857143
10,3.571428571
11,3.428571429
12,3.428571429
13,3.714285714
14,3
15,3
16,2.99
17,3.45
18,2.142857143
19,3.142857143
20,2.428571429
21,3.142857143
22,3.428571455
23,3.1245776
24,3
25,2.89765